[
  {
    "name": "Cake aux olives et tomates séchées",
    "description": {
      "title": "",
      "paragraph": ["", ""]
    },
    "tags": {
      "price": 1,
      "difficulty": 1,
      "budget": 1,
      "unpublished": false,
      "gluten-free": false
    },
    "author": "Lisa de l'équipe L214",
    "ingredientsLists": [
      {
        "title": "",
        "ingredients": [
          "5 tomate séchées",
          "200 g de farine + 1 c. à soupe supplémentaire",
          "1 sachet de levure chimique",
          "1 sachat de levure chimique",
          "1 c. à café de bicarbonate de soude",
          "20 cl de crème de soja",
          "50 ml de lait d'avoine",
          "4 c. à soupe de sauce soja (ici tamari)",
          "100 g d'olives vertes"
        ]
      }
    ],
    "preparation": [
      "Réhydratez les tomates séchées dans de l'eau chaude (si elles sont à l'huile, vous pouvez passer cette étape).",
      "Mélangez les ingrédients secs dans un saladier : farine, levure chimique, bicarbonate de soude.",
      "Dans un deuxième récipient, mélangez les ingrédients liquides : crème de soja, lait d'avoine, huile d'olive at sauce soja.",
      "Mélangez les deux préparations et ajoutez les tomates séchées coupées en petits morceaux au préalable. Roulez les olives vertes dans la farine pour qu'elles ne tombent pas au fond du plat et ajoutez-les à la préparation. Mélangez.",
      "Versez dans un moule à cake huilé et enfournez à 180°C pendant 30 minutes."
    ],
    "nutrition": ["", ""]
  },
  {
    "name": "Cream cheese à la ciboulette",
    "description": {
      "title": "",
      "paragraph": ["", ""]
    },
    "tags": {
      "price": "",
      "difficulty": ""
    },
    "author": "",
    "ingredientsLists": [
      {
        "title": "",
        "ingredients": []
      },
      {
        "title": "",
        "ingredients": []
      },
      {
        "title": "",
        "ingredients": []
      }
    ],
    "preparation": ["", ""],
    "nutrition": ["", ""]
  },
  {
    "name": "Pâté de champignons",
    "description": {
      "title": "",
      "paragraph": ["", ""]
    },
    "tags": {
      "price": "",
      "difficulty": ""
    },
    "author": "",
    "ingredientsLists": [
      {
        "title": "",
        "ingredients": []
      },
      {
        "title": "",
        "ingredients": []
      },
      {
        "title": "",
        "ingredients": []
      }
    ],
    "preparation": ["", ""],
    "nutrition": ["", ""]
  },
  {
    "name": "Tartare d'algues",
    "description": {
      "title": "",
      "paragraph": ["", ""]
    },
    "tags": {
      "price": "",
      "difficulty": ""
    },
    "author": "",
    "ingredientsLists": [
      {
        "title": "",
        "ingredients": []
      },
      {
        "title": "",
        "ingredients": []
      },
      {
        "title": "",
        "ingredients": []
      }
    ],
    "preparation": ["", ""],
    "nutrition": ["", ""]
  },
  {
    "name": "Tartinade de la mer",
    "description": {
      "title": "",
      "paragraph": ["", ""]
    },
    "tags": {
      "price": "",
      "difficulty": ""
    },
    "author": "",
    "ingredientsLists": [
      {
        "title": "",
        "ingredients": []
      },
      {
        "title": "",
        "ingredients": []
      },
      {
        "title": "",
        "ingredients": []
      }
    ],
    "preparation": ["", ""],
    "nutrition": ["", ""]
  }
]
